RANK,INSTNM,NPT41_PUB,NPT42_PUB,NPT43_PUB,NPT44_PUB,NPT45_PUB,NPT41_PRIV,NPT42_PRIV,NPT43_PRIV,NPT44_PRIV,NPT45_PRIV,NPT41_PROG,NPT42_PROG,NPT43_PROG,NPT44_PROG,NPT45_PROG,NPT41_OTHER,NPT42_OTHER,NPT43_OTHER,NPT44_OTHER,NPT45_OTHER,NPT4_048_PUB,NPT4_048_PRIV,NPT4_048_PROG,NPT4_048_OTHER,NPT4_3075_PUB,NPT4_3075_PRIV,NPT4_75UP_PUB,NPT4_75UP_PRIV,NPT4_3075_PROG,NPT4_3075_OTHER,NPT4_75UP_PROG,NPT4_75UP_OTHER,COSTT4_A,COSTT4_P,TUITIONFEE_IN,TUITIONFEE_OUT,TUITIONFEE_PROG,GRAD_DEBT_MDN,LO_INC_DEBT_MDN,MD_INC_DEBT_MDN,HI_INC_DEBT_MDN,COUNT_NWNE_3YR,COUNT_WNE_3YR,CNTOVER150_3YR,DBRR4_FED_UG_DEN,DBRR4_FED_UG_RT,DBRR5_FED_UG_NUM,DBRR5_FED_UG_DEN,DBRR10_FED_UG_NUM,DBRR10_FED_UG_DEN,DBRR20_FED_UG_NUM,DBRR20_FED_UG_DEN,DBRR1_FED_UGCOMP_NUM,DBRR1_FED_UGCOMP_DEN,BBRR1_FED_UGCOMP_MAKEPROG,BBRR1_FED_UGCOMP_PAIDINFULL,BBRR2_FED_UGCOMP_MAKEPROG,BBRR2_FED_UGCOMP_PAIDINFULL,MDCOST_ALL,MDEARN_PD,MD_EARN_WNE_1YR,MD_EARN_WNE_4YR,MDEARN_PD,MD_EARN_WNE_1YR,MD_EARN_WNE_4YR
0,Harvard University,,,,,,2973.0,1010.0,3411.0,15553.0,46160.0,,,,,,,,,,,,1864.0,,,,2288.0,,38401.0,,,,,73485.0,,51925.0,51925.0,,12665,12500,12500,11442,,,,,,6306410,7342799,4196234,6400094,4649942,22253764,3816106,4234187,0.30-0.34,0.15-0.19,0.30-0.34,0.20-0.24,,,86549.0,104267.0,,86549.0,104267.0
1,Stanford University,,,,,,-1387.0,1145.0,1959.0,10631.0,45693.0,,,,,,,,,,,,58.0,,,,1534.0,,37532.0,,,,,71587.0,,53529.0,53529.0,,12000,6600,7339,12556,,,,,,4323837,8626103,1909601,6461771,2432253,15067545,4817005,6155327,0.35-0.39,0.25-0.29,0.35-0.39,0.30-0.34,,,77677.0,109840.0,,77677.0,109840.0
2,Massachusetts Institute of Technology,,,,,,4535.0,1820.0,6049.0,14381.0,38934.0,,,,,,,,,,,,2995.0,,,,4173.0,,31822.0,,,,,70240.0,,53790.0,53790.0,,13418,7500,7750,13500,,,,,,2957091,8042642,1086116,6775494,1678207,16099739,4060250,6282860,0.30-0.34,0.40-0.44,0.35-0.39,0.45-0.49,,,102988.0,129392.0,,102988.0,129392.0
5,"University of California, Berkeley",,,,,,,,,,,,,,,,,,,,,,,,,,,,,,,,,,,,,,,,,,,,,,,,,,,,,,,,,,,,,,,,,
6,Princeton University,,,,,,1386.0,2044.0,7576.0,16989.0,36747.0,,,,,,,,,,,,1660.0,,,,5195.0,,30424.0,,,,,70900.0,,52800.0,52800.0,,10450,4558,4900,11950,,,,,,1017305,2063888,325195,1601368,401445,8989162,1695765,2047959,0.30-0.39,0.20-0.29,0.40-0.49,0.20-0.29,,,64287.0,93603.0,,64287.0,93603.0
7,Columbia University,,,,,,,,,,,,,,,,,,,,,,,,,,,,,,,,,,,,,,,,,,,,,,,,,,,,,,,,,,,,,,,,,
8,California Institute of Technology,,,,,,5456.0,3756.0,8042.0,12788.0,48851.0,,,,,,,,,,,,4404.0,,,,5389.0,,40365.0,,,,,72084.0,,54600.0,54600.0,,17747,PS,PS,PS,,,,,,217546,581726,40692,453423,34035,483270,247991,465752,PS,PS,PS,PS,,,86037.0,139418.0,,86037.0,139418.0
9,University of Chicago,,,,,,2712.0,2800.0,7934.0,17929.0,43156.0,,,,,,,,,,,,2754.0,,,,6004.0,,37410.0,,,,,78555.0,,60552.0,60552.0,,14601,7500,11658,14408,,,,,,9137371,17049776,4376956,13585099,3049765,13871747,8725443,11556557,0.41-0.42,0.25-0.26,0.39-0.40,0.29-0.30,,,69111.0,90882.0,,69111.0,90882.0
10,Yale University,,,,,,2125.0,1647.0,2167.0,11492.0,43417.0,,,,,,,,,,,,1824.0,,,,1935.0,,35399.0,,,,,73900.0,,55500.0,55500.0,,13142,8450,7125,13013,,,,,,3873897,6424636,2562122,9987699,3544612,18436222,4450748,5234758,0.40-0.44,0.15-0.19,0.45-0.49,0.20-0.24,,,60511.0,85476.0,,60511.0,85476.0
12,University of Pennsylvania,,,,,,3181.0,4833.0,12752.0,20632.0,41421.0,,,,,,,,,,,,4153.0,,,,9077.0,,36195.0,,,,,75303.0,,57770.0,57770.0,,16763,12500,13419,15500,,,,,,21304724,40776776,7631802,29290288,8788818,43750160,18407106,21455124,0.38,0.18,0.40,0.23,,,76746.0,100577.0,,76746.0,100577.0
13,Cornell University,,,,,,7484.0,7518.0,11869.0,23128.0,55817.0,,,,,,,,,,,,7505.0,,,,9876.0,,50660.0,,,,,73879.0,,57222.0,57222.0,,14500,8975,11000,14925,,,,,,20377993,43068408,10415740,36690373,10183352,54195039,27927455,38033775,0.43,0.27,0.37,0.34,,,66972.0,90531.0,,66972.0,90531.0
14,"University of California, Los Angeles",,,,,,,,,,,,,,,,,,,,,,,,,,,,,,,,,,,,,,,,,,,,,,,,,,,,,,,,,,,,,,,,,
15,Johns Hopkins University,,,,,,3526.0,8210.0,9049.0,19177.0,43513.0,,,,,,,,,,,,6430.0,,,,8713.0,,38465.0,,,,,71901.0,,55350.0,55350.0,,12750,10750,10750,12750,,,,,,19964137,32916553,7694933,19602023,4520228,17730986,15953036,20859336,0.34,0.25,0.32,0.28,,,78932.0,95030.0,,78932.0,95030.0
17,"University of Michigan, Ann Arbor",,,,,,,,,,,,,,,,,,,,,,,,,,,,,,,,,,,,,,,,,,,,,,,,,,,,,,,,,,,,,,,,,
18,University of Washington - Seattle,,,,,,,,,,,,,,,,,,,,,,,,,,,,,,,,,,,,,,,,,,,,,,,,,,,,,,,,,,,,,,,,,
19,"University of California, San Diego",,,,,,,,,,,,,,,,,,,,,,,,,,,,,,,,,,,,,,,,,,,,,,,,,,,,,,,,,,,,,,,,,
21,"University of California, San Francisco",,,,,,,,,,,,,,,,,,,,,,,,,,,,,,,,,,,,,,,,,,,,,,,,,,,,,,,,,,,,,,,,,
22,Northwestern University,,,,,,1866.0,3995.0,6452.0,16784.0,43465.0,,,,,,,,,,,,3217.0,,,,5551.0,,36416.0,,,,,74630.0,,56691.0,56691.0,,15000,11980,12500,15000,,,,,,17829314,35174718,6232533,21900882,6374029,24956050,17466402,22863857,0.40,0.26,0.40,0.32,,,66776.0,83318.0,,66776.0,83318.0
23,Duke University,,,,,,-7808.0,-1314.0,4150.0,18375.0,48680.0,,,,,,,,,,,,-3937.0,,,,1813.0,,41600.0,,,,,75105.0,,58031.0,58031.0,,13500,14172,11000,12500,,,,,,8971877,18517696,3525131,13768277,3669257,16718806,11485532,14900217,0.39,0.25,0.35,0.30,,,69932.0,92741.0,,69932.0,92741.0
24,New York University,,,,,,25937.0,25771.0,32733.0,41038.0,55206.0,,,,,,,,,,,,25876.0,,,,29120.0,,51649.0,,,,,71467.0,,53308.0,53308.0,,20500,18500,19250,18250,,,,,,95881090,149277130,40616226,102410124,29703253,101568479,82502584,95408201,0.40,0.15,0.39,0.21,,,56395.0,72083.0,,56395.0,72083.0
26,University of Wisconsin–Madison,,,,,,,,,,,,,,,,,,,,,,,,,,,,,,,,,,,,,,,,,,,,,,,,,,,,,,,,,,,,,,,,,
30,University of Texas at Austin,,,,,,,,,,,,,,,,,,,,,,,,,,,,,,,,,,,,,,,,,,,,,,,,,,,,,,,,,,,,,,,,,
31,University of Illinois at Urbana–Champaign,,,,,,,,,,,,,,,,,,,,,,,,,,,,,,,,,,,,,,,,,,,,,,,,,,,,,,,,,,,,,,,,,
32,University of North Carolina at Chapel Hill,4026.0,6063.0,11060.0,18354.0,22235.0,,,,,,,,,,,,,,,,4927.0,,,,8687.0,,20669.0,,,,,,23776.0,,8980.0,36159.0,,14500,8500,12500,15000,,,,,,41654661,63914617,16032944,37020992,7307167,24752802,46093336,54216764,0.40,0.15,0.38,0.20,,,46617.0,61222.0,,46617.0,61222.0
34,University of Minnesota Twin Cities,,,,,,,,,,,,,,,,,,,,,,,,,,,,,,,,,,,,,,,,,,,,,,,,,,,,,,,,,,,,,,,,,
35,Washington University in St. Louis,,,,,,,,,,,,,,,,,,,,,,,,,,,,,,,,,,,,,,,,,,,,,,,,,,,,,,,,,,,,,,,,,
39,Ohio State University,,,,,,,,,,,,,,,,,,,,,,,,,,,,,,,,,,,,,,,,,,,,,,,,,,,,,,,,,,,,,,,,,
40,Rutgers University-New Brunswick,13545.0,15779.0,20935.0,26914.0,29335.0,,,,,,,,,,,,,,,,14406.0,,,,18158.0,,28655.0,,,,,,30954.0,,15407.0,32189.0,,21980,19440,19500,18048,,,,,,263435905,345972939,103452940,187094027,45479376,137872359,244397500,271942852,0.35,0.12,0.35,0.17,,,49190.0,64806.0,,49190.0,64806.0
41,"University of California, Davis",,,,,,,,,,,,,,,,,,,,,,,,,,,,,,,,,,,,,,,,,,,,,,,,,,,,,,,,,,,,,,,,,
42,Pennsylvania State University,,,,,,,,,,,,,,,,,,,,,,,,,,,,,,,,,,,,,,,,,,,,,,,,,,,,,,,,,,,,,,,,,
46,"University of Maryland, College Park",,,,,,,,,,,,,,,,,,,,,,,,,,,,,,,,,,,,,,,,,,,,,,,,,,,,,,,,,,,,,,,,,
49,University of Colorado Boulder,13366.0,14361.0,18979.0,25863.0,29055.0,,,,,,,,,,,,,,,,13769.0,,,,16868.0,,28108.0,,,,,,31044.0,,12500.0,38318.0,,19500,13338,13000,13000,,,,,,79879326,112078606,38764047,73735143,28107371,74798929,57144821,62892433,0.38,0.12,0.42,0.18,,,45796.0,60811.0,,45796.0,60811.0
50,University of Southern California,,,,,,14668.0,16252.0,20050.0,30858.0,52271.0,,,,,,,,,,,,15266.0,,,,18136.0,,44564.0,,,,,74738.0,,58195.0,58195.0,,18956,17750,17500,16500,,,,,,60600127,98666548,22686544,60480269,30113450,85466380,60419513,70375932,0.39,0.17,0.39,0.23,,,57711.0,77241.0,,57711.0,77241.0
51,University of Arizona,10562.0,11466.0,15399.0,20200.0,21260.0,,,,,,,,,,,,,,,,10899.0,,,,13266.0,,20854.0,,,,,,27417.0,,12711.0,36718.0,,20137,14000,14479,14091,,,,,,144772459,167790577,63543730,95798222,54102966,106673773,112105367,117988537,0.32,0.10,0.35,0.14,,,41742.0,54540.0,,41742.0,54540.0
55,Boston University,,,,,,12903.0,13256.0,20231.0,31075.0,48048.0,,,,,,,,,,,,13037.0,,,,16988.0,,43446.0,,,,,72517.0,,55892.0,55892.0,,24848,23031,23000,21500,,,,,,74500583,117697563,25781591,72491242,15065210,68244253,73055065,84717239,0.43,0.14,0.42,0.19,,,51077.0,67398.0,,51077.0,67398.0
57,Brown University,,,,,,201.0,6684.0,11689.0,21634.0,43592.0,,,,,,,,,,,,3720.0,,,,9721.0,,38540.0,,,,,73892.0,,58404.0,58404.0,,13000,7500,10750,12950,,,,,,7998691,15296225,3875261,12258671,3679607,16914680,11340208,14557525,0.45-0.46,0.21-0.22,0.37-0.38,0.31-0.32,,,54465.0,72361.0,,54465.0,72361.0
58,"University of California, Irvine",,,,,,,,,,,,,,,,,,,,,,,,,,,,,,,,,,,,,,,,,,,,,,,,,,,,,,,,,,,,,,,,,
61,University of Florida,1994.0,4069.0,8528.0,12685.0,13820.0,,,,,,,,,,,,,,,,2763.0,,,,6030.0,,13319.0,,,,,,21151.0,,6381.0,28659.0,,15580,13500,14827,15000,,,,,,106371937,131881756,58896754,90369152,39283153,108100609,107618563,113263158,0.30,0.10,0.30,0.14,,,45803.0,62503.0,,45803.0,62503.0
62,"Purdue University, West Lafayette",,,,,,,,,,,,,,,,,,,,,,,,,,,,,,,,,,,,,,,,,,,,,,,,,,,,,,,,,,,,,,,,,
63,Vanderbilt University,,,,,,3156.0,6017.0,8086.0,14890.0,36667.0,,,,,,,,,,,,4851.0,,,,7057.0,,30924.0,,,,,70146.0,,52070.0,52070.0,,14509,7213,10000,15000,,,,,,7894842,12454516,3984303,13414871,3036249,15423597,8881014,10073985,0.33-0.34,0.17-0.18,0.35-0.36,0.21-0.22,,,59743.0,78257.0,,59743.0,78257.0
65,University of Texas Southwestern Medical Center,,,,,,,,,,,,,,,,,,,,,,,,,,,,,,,,,,,,,,PS,PS,PS,PS,,,,,,400062,443190,442191,1033717,685301,3356067,PS,PS,PS,PS,PS,PS,,,63653.0,71634.0,,63653.0,71634.0
69,"University of California, Santa Barbara",,,,,,,,,,,,,,,,,,,,,,,,,,,,,,,,,,,,,,,,,,,,,,,,,,,,,,,,,,,,,,,,,
72,University of Pittsburgh,,,,,,,,,,,,,,,,,,,,,,,,,,,,,,,,,,,,,,,,,,,,,,,,,,,,,,,,,,,,,,,,,
75,Rockefeller University,,,,,,,,,,,,,,,,,,,,,,,,,,,,,,,,,,,,,,,,,,,,,,,,,,,,,,,,,,,,,,,,,
77,"Texas A&M University, College Station",,,,,,,,,,,,,,,,,,,,,,,,,,,,,,,,,,,,,,,,,,,,,,,,,,,,,,,,,,,,,,,,,
78,University of Virginia,,,,,,,,,,,,,,,,,,,,,,,,,,,,,,,,,,,,,,,,,,,,,,,,,,,,,,,,,,,,,,,,,
79,Emory University,,,,,,11468.0,9629.0,19672.0,24657.0,43267.0,,,,,,,,,,,,10746.0,,,,14335.0,,37489.0,,,,,69502.0,,53804.0,53804.0,,16556,15000,15259,15875,,,,,,23375966,36328007,8966420,20158322,5717844,18992081,26491875,31390446,0.32,0.18,0.31,0.22,,,57366.0,71805.0,,57366.0,71805.0
82,University of Utah,11511.0,13192.0,14501.0,17718.0,18410.0,,,,,,,,,,,,,,,,12138.0,,,,13913.0,,18070.0,,,,,,20948.0,,8615.0,27220.0,,18750,13750,14500,12586,,,,,,107845961,127125515,32717544,64593580,23175920,56291661,68078816,72939279,0.34,0.11,0.35,0.15,,,47858.0,60025.0,,47858.0,60025.0
88,University of Texas MD Anderson Cancer Center,,,,,,,,,,,,,,,,,,,,,,,,,,,,,,,,,,,,,,,,,,,,,,,,,,,,,,,,,,,,,,,,,
90,Carnegie Mellon University,,,,,,12542.0,13782.0,18276.0,30722.0,52585.0,,,,,,,,,,,,12992.0,,,,16285.0,,47249.0,,,,,72265.0,,57119.0,57119.0,,22014,19000,19500,19000,,,,,,12540054,29536008,3594032,18746670,4218627,22329208,14991153,20523058,0.43-0.44,0.25-0.26,0.39,0.36,,,86423.0,105185.0,,86423.0,105185.0
93,Baylor College of Medicine,,,,,,,,,,,,,,,,,,,,,,,,,,,,,,,,,,,,,,PS,PS,PS,PS,,,,,,PS,PS,PS,PS,PS,PS,PS,PS,PS,PS,PS,PS,,,77291.0,,,77291.0,
104,University of Rochester,,,,,,15324.0,14508.0,23659.0,29342.0,44732.0,,,,,,,,,,,,15107.0,,,,20537.0,,40254.0,,,,,72721.0,,56030.0,56030.0,,20000,19000,19000,19000,,,,,,25685268,40859159,8494561,21174710,8603564,28699218,26546554,31382150,0.43,0.15,0.37,0.20,,,60800.0,75454.0,,60800.0,75454.0
110,"University of California, Santa Cruz",,,,,,,,,,,,,,,,,,,,,,,,,,,,,,,,,,,,,,,,,,,,,,,,,,,,,,,,,,,,,,,,,
113,Arizona State University,,,,,,,,,,,,,,,,,,,,,,,,,,,,,,,,,,,,,,,,,,,,,,,,,,,,,,,,,,,,,,,,,
121,Dartmouth College,,,,,,11397.0,4830.0,9044.0,14238.0,51782.0,,,,,,,,,,,,8264.0,,,,6916.0,,46826.0,,,,,74359.0,,57638.0,57638.0,,17000,7500,10556,17000,,,,,,4219220,8114315,1789394,7481000,1662913,11163135,6568493,8399971,0.45-0.46,0.23-0.24,0.41-0.42,0.33-0.34,,,60840.0,90893.0,,60840.0,90893.0
127,Stony Brook University,10683.0,12993.0,18186.0,19703.0,22454.0,,,,,,,,,,,,,,,,11374.0,,,,15185.0,,21503.0,,,,,,25177.0,,10175.0,27845.0,,18750,15000,15000,15000,,,,,,75276315,100879408,36329241,64403165,16723045,51624539,66925398,76642433,0.34,0.16,0.33,0.20,,,48743.0,67114.0,,48743.0,67114.0
128,Rice University,,,,,,3437.0,7534.0,7318.0,24321.0,41517.0,,,,,,,,,,,,5147.0,,,,7433.0,,36122.0,,,,,65150.0,,49112.0,49112.0,,12000,7321,11812,11000,,,,,,2573561,5331397,697784,3620942,630663,3671456,4107619,5407731,0.35-0.39,0.30-0.34,0.35-0.39,0.35-0.39,,,69373.0,74727.0,,69373.0,74727.0
132,University of Colorado Denver | Anschutz Medical Campus,,,,,,,,,,,,,,,,,,,,,,,,,,,,,,,,,,,,,,,,,,,,,,,,,,,,,,,,,,,,,,,,,
133,University of Iowa,12975.0,15073.0,18272.0,20738.0,22355.0,,,,,,,,,,,,,,,,13917.0,,,,17026.0,,21747.0,,,,,,24239.0,,9606.0,31569.0,,22500,17211,17317,18324,,,,,,106384234,142030690,46548221,91688325,21345792,68578256,89651931,95659818,0.32,0.09,0.37,0.14,,,44564.0,57730.0,,44564.0,57730.0
138,Georgia Institute of Technology,,,,,,,,,,,,,,,,,,,,,,,,,,,,,,,,,,,,,,,,,,,,,,,,,,,,,,,,,,,,,,,,,
141,Case Western Reserve University,,,,,,18708.0,19034.0,22236.0,29607.0,41895.0,,,,,,,,,,,,18802.0,,,,21053.0,,39914.0,,,,,67277.0,,50924.0,50924.0,,24501,20750,24696,21000,,,,,,15482156,27470824,5697588,16710280,3990608,14540426,18487475,23266436,0.35,0.23,0.36,0.29,,,61888.0,75546.0,,61888.0,75546.0
142,Indiana University Bloomington,,,,,,,,,,,,,,,,,,,,,,,,,,,,,,,,,,,,,,,,,,,,,,,,,,,,,,,,,,,,,,,,,
143,Michigan State University,6686.0,15197.0,20696.0,25389.0,27543.0,,,,,,,,,,,,,,,,9402.0,,,,17993.0,,26848.0,,,,,,28402.0,,14460.0,39766.0,,23733,16745,21500,20500,,,,,,216234052,263174859,96115952,164272537,64513809,146009497,186973780,200573681,0.34,0.10,0.35,0.14,,,47200.0,60601.0,,47200.0,60601.0
150,Oregon Health & Science University,,,,,,,,,,,,,,,,,,,,,,,,,,,,,,,,,,,,,,16625,16625,16625,16172,,,,,,8894727,13783479,2239885,5412010,1464023,6258955,9104628,10089122,0.45-0.46,0.09-0.10,0.47-0.48,0.09-0.10,,,85024.0,94083.0,,85024.0,94083.0
152,Icahn School of Medicine at Mount Sinai,,,,,,,,,,,,,,,,,,,,,,,,,,,,,,,,,,,,,,PS,PS,PS,PS,,,,,,PS,PS,PS,PS,PS,PS,PS,PS,PS,PS,PS,PS,,,73581.0,111502.0,,73581.0,111502.0
153,Tufts University,,,,,,5267.0,6516.0,13525.0,27430.0,51038.0,,,,,,,,,,,,5923.0,,,,10348.0,,45276.0,,,,,73466.0,,58578.0,58578.0,,16750,10500,13500,16000,,,,,,11373112,21449361,5187001,15664392,3499476,15087434,10985515,14287714,0.47-0.48,0.21-0.22,0.43-0.44,0.27-0.28,,,55909.0,74058.0,,55909.0,74058.0
159,University of Notre Dame,,,,,,12498.0,15609.0,17768.0,24392.0,44547.0,,,,,,,,,,,,13583.0,,,,16874.0,,40985.0,,,,,71780.0,,55553.0,55553.0,,19000,15420,17125,19000,,,,,,16625024,37924305,5238224,26574417,5506624,28623806,24929384,32041750,0.44,0.22,0.44,0.27,,,65627.0,83696.0,,65627.0,83696.0
166,North Carolina State University,,,,,,,,,,,,,,,,,,,,,,,,,,,,,,,,,,,,,,,,,,,,,,,,,,,,,,,,,,,,,,,,,
176,Iowa State University,10054.0,10843.0,14161.0,17228.0,18895.0,,,,,,,,,,,,,,,,10459.0,,,,12846.0,,18185.0,,,,,,21093.0,,9320.0,24508.0,,22754,18408,18500,19000,,,,,,127724553,185599555,50585214,112110730,31400757,101816485,143899802,158837414,0.38,0.12,0.41,0.16,,,47452.0,57669.0,,47452.0,57669.0
179,University of Georgia,7541.0,10241.0,14748.0,17105.0,17369.0,,,,,,,,,,,,,,,,8638.0,,,,12596.0,,17281.0,,,,,,26530.0,,12080.0,31120.0,,18625,17000,16438,16035,,,,,,91324331,112487568,40735763,68170961,31942595,80543609,93161023,97962873,0.35,0.10,0.39,0.14,,,45220.0,56318.0,,45220.0,56318.0
181,University of Massachusetts Medical School,,,,,,,,,,,,,,,,,,,,,,,,,,,,,,,,,,,,,,,,,,,,,,,,,,,,,,,,,,,,,,,,,
183,University of Massachusetts Amherst,,,,,,,,,,,,,,,,,,,,,,,,,,,,,,,,,,,,,,,,,,,,,,,,,,,,,,,,,,,,,,,,,
189,University of Missouri–Columbia,,,,,,,,,,,,,,,,,,,,,,,,,,,,,,,,,,,,,,,,,,,,,,,,,,,,,,,,,,,,,,,,,
190,University of Alabama at Birmingham,14554.0,15526.0,18197.0,19455.0,19451.0,,,,,,,,,,,,,,,,14860.0,,,,16942.0,,19453.0,,,,,,24495.0,,8568.0,20400.0,,22250,16219,15000,14591,,,,,,99807450,94767971,50005233,54739365,19850543,33920856,59669705,59340540,0.21,0.05,0.22,0.07,,,45270.0,52404.0,,45270.0,52404.0
192,University of Connecticut,12381.0,14157.0,19243.0,26179.0,28653.0,,,,,,,,,,,,,,,,13191.0,,,,16776.0,,27970.0,,,,,,32016.0,,17226.0,39894.0,,21500,18024,19068,19500,,,,,,102938051,147691010,31461892,78951092,14189391,55296431,113869818,126914726,0.39,0.12,0.40,0.17,,,50446.0,65432.0,,50446.0,65432.0
193,University of Texas Health Science Center at Houston,,,,,,,,,,,,,,,,,,,,,,,,,,,,,,,,,,,,,,,,,,,,,,,,,,,,,,,,,,,,,,,,,
194,Yeshiva University,,,,,,25214.0,23662.0,25817.0,40986.0,50427.0,,,,,,,,,,,,24714.0,,,,25073.0,,48497.0,,,,,62075.0,,44900.0,44900.0,,19318,13250,16526,14000,,,,,,6445366,9716670,2028032,5797925,1163322,6153605,4936093,5436047,0.30-0.34,0.10-0.14,0.30-0.34,0.20-0.24,,,57173.0,74760.0,,57173.0,74760.0
196,University of Miami,,,,,,42611.0,36623.0,38540.0,44741.0,54089.0,,,,,,,,,,,,39864.0,,,,37738.0,,52127.0,,,,,67249.0,,51930.0,51930.0,,17500,16500,16250,13750,,,,,,44209698,55603637,22143082,42153503,25757218,47326797,29317385,32466835,0.33,0.13,0.32,0.16,,,50273.0,61350.0,,50273.0,61350.0
203,University of Cincinnati,,,,,,,,,,,,,,,,,,,,,,,,,,,,,,,,,,,,,,,,,,,,,,,,,,,,,,,,,,,,,,,,,
209,"University of Maryland, Baltimore",,,,,,,,,,,,,,,,,,,,,,,,,,,,,,,,,,,,,,,,,,,,,,,,,,,,,,,,,,,,,,,,,
216,University of Illinois at Chicago,,,,,,,,,,,,,,,,,,,,,,,,,,,,,,,,,,,,,,,,,,,,,,,,,,,,,,,,,,,,,,,,,
218,Louisiana State University,,,,,,,,,,,,,,,,,,,,,,,,,,,,,,,,,,,,,,,,,,,,,,,,,,,,,,,,,,,,,,,,,
223,University of Kansas,14387.0,15380.0,17132.0,20981.0,23231.0,,,,,,,,,,,,,,,,14866.0,,,,16298.0,,22371.0,,,,,,25892.0,,11166.0,28034.0,,21000,15302,15750,15604,,,,,,96230253,118571832,44758328,77582773,16869421,51324857,72635507,76029983,0.32,0.09,0.36,0.13,,,44363.0,56379.0,,44363.0,56379.0
234,Indiana University – Purdue University Indianapolis,,,,,,,,,,,,,,,,,,,,,,,,,,,,,,,,,,,,,,,,,,,,,,,,,,,,,,,,,,,,,,,,,
238,Wake Forest University,,,,,,5250.0,5981.0,12004.0,23550.0,50359.0,,,,,,,,,,,,5509.0,,,,9507.0,,43269.0,,,,,71560.0,,55440.0,55440.0,,21226,17812,19482,20358,,,,,,12241124,18107690,3733201,10847718,1372305,8300877,11823418,13001452,0.35-0.36,0.11-0.12,0.39-0.40,0.19-0.20,,,49929.0,75161.0,,49929.0,75161.0
243,Colorado State University,,,,,,,,,,,,,,,,,,,,,,,,,,,,,,,,,,,,,,,,,,,,,,,,,,,,,,,,,,,,,,,,,
244,"University of California, Riverside",,,,,,,,,,,,,,,,,,,,,,,,,,,,,,,,,,,,,,,,,,,,,,,,,,,,,,,,,,,,,,,,,
245,Virginia Commonwealth University,16768.0,17529.0,20868.0,24684.0,28155.0,,,,,,,,,,,,,,,,17098.0,,,,19198.0,,26899.0,,,,,,31235.0,,14596.0,35904.0,,21500,18000,17500,15500,,,,,,166342656,179987668,72170472,94982173,53713008,90274236,119987196,124228658,0.28,0.07,0.30,0.09,,,38339.0,52266.0,,38339.0,52266.0
247,Florida State University,5360.0,6816.0,10583.0,15074.0,16000.0,,,,,,,,,,,,,,,,5913.0,,,,8685.0,,15637.0,,,,,,22026.0,,5656.0,18786.0,,18750,15649,16250,17045,,,,,,182265734,201962419,95190335,129939793,30213706,101195322,148920148,153992641,0.29,0.09,0.30,0.11,,,38690.0,52382.0,,38690.0,52382.0
249,Brandeis University,,,,,,13567.0,16074.0,20122.0,29713.0,49781.0,,,,,,,,,,,,14450.0,,,,18416.0,,43396.0,,,,,73266.0,,57561.0,57561.0,,25797,20630,25000,23250,,,,,,14364435,24065871,4153190,12218068,3097396,13393111,15349247,18151102,0.41-0.42,0.17-0.18,0.35-0.36,0.23-0.24,,,45085.0,62879.0,,45085.0,62879.0
250,Oregon State University,14157.0,15770.0,20346.0,23645.0,24405.0,,,,,,,,,,,,,,,,14750.0,,,,18104.0,,24127.0,,,,,,26631.0,,11715.0,31215.0,,21793,16376,16119,14796,,,,,,138175135,165551949,41027315,71201595,15085783,49480293,107526978,114250252,0.36,0.09,0.36,0.12,,,43364.0,56424.0,,43364.0,56424.0
252,Wayne State University,11413.0,11554.0,13668.0,17909.0,19128.0,,,,,,,,,,,,,,,,11454.0,,,,12649.0,,18599.0,,,,,,24231.0,,13517.0,28887.0,,21500,17656,16500,15000,,,,,,208875670,189217084,109437886,108033257,21214258,35917771,87913426,88135404,0.21,0.07,0.22,0.09,,,45524.0,53971.0,,45524.0,53971.0
253,"University of Tennessee, Knoxville",,,,,,,,,,,,,,,,,,,,,,,,,,,,,,,,,,,,,,,,,,,,,,,,,,,,,,,,,,,,,,,,,
256,University of New Mexico,,,,,,,,,,,,,,,,,,,,,,,,,,,,,,,,,,,,,,,,,,,,,,,,,,,,,,,,,,,,,,,,,
258,University of Kentucky,11848.0,12872.0,15733.0,20337.0,23189.0,,,,,,,,,,,,,,,,12250.0,,,,14308.0,,22040.0,,,,,,29289.0,,12360.0,30680.0,,22974,17000,17150,16750,,,,,,102860998,119989063,43445043,69763662,23142764,56662622,97807444,101279574,0.27,0.08,0.30,0.11,,,41289.0,51633.0,,41289.0,51633.0
261,University of South Florida,3950.0,5616.0,9809.0,14214.0,15247.0,,,,,,,,,,,,,,,,4578.0,,,,7400.0,,14797.0,,,,,,21282.0,,6410.0,17324.0,,18341,15500,15187,15750,,,,,,281108640,284118558,145506608,169244752,37247950,101718857,165282223,166852159,0.25,0.07,0.26,0.08,,,39907.0,49819.0,,39907.0,49819.0
272,University at Buffalo,12605.0,15121.0,19834.0,21081.0,24207.0,,,,,,,,,,,,,,,,13398.0,,,,17541.0,,22988.0,,,,,,26035.0,,10524.0,28194.0,,19250,13093,13500,15000,,,,,,96099346,122225501,52967141,85026802,23166906,69203944,82832266,90585978,0.33,0.12,0.34,0.16,,,41881.0,58053.0,,41881.0,58053.0
274,Virginia Tech,,,,,,,,,,,,,,,,,,,,,,,,,,,,,,,,,,,,,,,,,,,,,,,,,,,,,,,,,,,,,,,,,
276,Washington State University,9334.0,11337.0,15548.0,22090.0,23961.0,,,,,,,,,,,,,,,,10099.0,,,,13634.0,,23244.0,,,,,,25762.0,,11841.0,26419.0,,20000,14500,14000,14500,,,,,,130083167,165931043,50460869,103609351,34208695,86149511,101364808,108587032,0.37,0.09,0.38,0.14,,,46800.0,60924.0,,46800.0,60924.0
281,University of South Carolina - Columbia,,,,,,,,,,,,,,,,,,,,,,,,,,,,,,,,,,,,,,,,,,,,,,,,,,,,,,,,,,,,,,,,,
287,University of Delaware,11487.0,12236.0,14622.0,18614.0,23617.0,,,,,,,,,,,,,,,,11835.0,,,,13518.0,,21888.0,,,,,,26960.0,,14280.0,35710.0,,24572,18425,21250,21500,,,,,,63870263,105259305,18314643,50395671,10542232,49574211,88845294,101320879,0.41,0.13,0.44,0.18,,,48980.0,65354.0,,48980.0,65354.0
288,Georgetown University,,,,,,5248.0,8678.0,13933.0,23835.0,47674.0,,,,,,,,,,,,7112.0,,,,11655.0,,41238.0,,,,,73840.0,,56058.0,56058.0,,16500,9975,14000,15210,,,,,,13806273,25057034,6090942,21590330,5231764,23696512,13659409,17671732,0.52,0.21,0.43,0.28,,,69193.0,88039.0,,69193.0,88039.0
298,University of Houston,10203.0,9925.0,12505.0,18844.0,20129.0,,,,,,,,,,,,,,,,10094.0,,,,11078.0,,19576.0,,,,,,22721.0,,9221.0,21749.0,,18500,14100,13307,14332,,,,,,186143731,205750570,83720733,122715218,35515243,66440883,123998270,129865844,0.30,0.09,0.30,0.12,,,45815.0,55929.0,,45815.0,55929.0
303,University of Texas at Dallas,,,,,,,,,,,,,,,,,,,,,,,,,,,,,,,,,,,,,,,,,,,,,,,,,,,,,,,,,,,,,,,,,
305,University of Hawaii at Manoa,10986.0,12540.0,15372.0,18547.0,21373.0,,,,,,,,,,,,,,,,11529.0,,,,14063.0,,19934.0,,,,,,23636.0,,12186.0,34218.0,,18575,15124,12476,13375,,,,,,62780123,77220014,21761528,37301061,6852389,19301402,42682471,45081751,0.32,0.10,0.37,0.13,,,39900.0,51430.0,,39900.0,51430.0
307,George Washington University,,,,,,17614.0,17924.0,22287.0,29282.0,46572.0,,,,,,,,,,,,17759.0,,,,20348.0,,42192.0,,,,,71702.0,,56935.0,56935.0,,20500,19500,20500,19500,,,,,,42455719,64925128,13622206,34716249,9307153,28465947,43184672,50008792,0.40,0.14,0.41,0.18,,,60822.0,77757.0,,60822.0,77757.0
312,University of Nebraska–Lincoln,,,,,,,,,,,,,,,,,,,,,,,,,,,,,,,,,,,,,,,,,,,,,,,,,,,,,,,,,,,,,,,,,
315,University of Texas Health Science Center at San Antonio,,,,,,,,,,,,,,,,,,,,,,,,,,,,,,,,,,,,,,,,,,,,,,,,,,,,,,,,,,,,,,,,,
321,George Mason University,16204.0,17060.0,20468.0,23266.0,25480.0,,,,,,,,,,,,,,,,16575.0,,,,18784.0,,24623.0,,,,,,26773.0,,12564.0,36024.0,,19750,16465,16500,15500,,,,,,105812258,137768087,32015590,65048347,16024870,51396141,102818336,112370618,0.34,0.11,0.36,0.15,,,51415.0,64695.0,,51415.0,64695.0
329,Thomas Jefferson University,,,,,,18118.0,20167.0,22312.0,27676.0,31092.0,,,,,,,,,,,,18982.0,,,,21281.0,,29983.0,,,,,58295.0,,41866.0,41866.0,,22750,12500,14000,12500,,,,,,33662216,44336713,11783130,27874096,6410095,22800897,20393242,21507119,0.41,0.08,0.41,0.11,,,65464.0,64065.0,,65464.0,64065.0
332,Medical University of South Carolina,,,,,,,,,,,,,,,,,,,,,,,,,,,,,,,,,,,,,,15072,15625,12500,9450,,,,,,2388763,3642052,1639621,3866074,483945,6282092,3372071,3655404,0.50-0.54,0.05-0.09,0.35-0.39,0.10-0.14,,,62058.0,69864.0,,62058.0,69864.0
340,Temple University,18315.0,18879.0,21743.0,25075.0,27623.0,,,,,,,,,,,,,,,,18519.0,,,,20550.0,,26828.0,,,,,,31958.0,,16970.0,29882.0,,24499,20575,20479,19500,,,,,,235057499,276926321,104347401,165805920,61599925,104764818,181108218,190941220,0.32,0.08,0.34,0.11,,,41938.0,54295.0,,41938.0,54295.0
343,Northeastern University,,,,,,10239.0,12823.0,17692.0,25744.0,43383.0,,,,,,,,,,,,11383.0,,,,15715.0,,39520.0,,,,,70565.0,,53506.0,53506.0,,24500,22625,22753,22250,,,,,,78201799,128808434,31817052,90733447,17466673,65430388,65844124,80488848,0.43,0.18,0.44,0.21,,,67204.0,81396.0,,67204.0,81396.0
351,"University at Albany, SUNY",,,,,,,,,,,,,,,,,,,,,,,,,,,,,,,,,,,,,,,,,,,,,,,,,,,,,,,,,,,,,,,,,
353,Drexel University,,,,,,25234.0,27057.0,33324.0,36496.0,42021.0,,,,,,,,,,,,25968.0,,,,30180.0,,40637.0,,,,,67955.0,,54516.0,54516.0,,26000,19039,21500,20500,,,,,,81591497,121424894,28576712,74416248,15324400,46238217,83069046,94173422,0.44,0.12,0.46,0.17,,,65794.0,77980.0,,65794.0,77980.0
361,Kansas State University,14232.0,15089.0,16889.0,19892.0,21186.0,,,,,,,,,,,,,,,,14606.0,,,,16072.0,,20705.0,,,,,,24304.0,,10440.0,26316.0,,21500,17216,18167,17750,,,,,,111088972,136759534,48724861,95505869,25561646,73294630,85774620,91557907,0.35,0.10,0.35,0.15,,,44456.0,52875.0,,44456.0,52875.0
372,University of New Hampshire,,,,,,,,,,,,,,,,,,,,,,,,,,,,,,,,,,,,,,,,,,,,,,,,,,,,,,,,,,,,,,,,,
373,Medical College of Wisconsin,,,,,,,,,,,,,,,,,,,,,,,,,,,,,,,,,,,,,,PS,PS,PS,PS,,,,,,PS,PS,PS,PS,PS,PS,PS,PS,PS,PS,PS,PS,,,66076.0,121003.0,,66076.0,121003.0
375,University of Vermont,12015.0,12715.0,16837.0,21595.0,26751.0,,,,,,,,,,,,,,,,12332.0,,,,15117.0,,24335.0,,,,,,33467.0,,18802.0,43690.0,,21111,15268,18500,17186,,,,,,46911821,70872284,14364720,39235177,6124022,32295499,43529324,49009355,0.42,0.11,0.46,0.14,,,38345.0,52103.0,,38345.0,52103.0
392,"University of Oklahoma, Norman",,,,,,,,,,,,,,,,,,,,,,,,,,,,,,,,,,,,,,,,,,,,,,,,,,,,,,,,,,,,,,,,,
404,University of Louisville,13058.0,14341.0,16795.0,20569.0,21737.0,,,,,,,,,,,,,,,,13521.0,,,,15616.0,,21232.0,,,,,,27604.0,,11928.0,27954.0,,20281,12698,14000,13464,,,,,,91651760,98414752,44354732,60136232,27305315,45823741,57134543,59421379,0.26,0.10,0.27,0.13,,,44418.0,51510.0,,44418.0,51510.0
427,University of Oregon,12690.0,13108.0,15109.0,22282.0,23691.0,,,,,,,,,,,,,,,,12859.0,,,,14147.0,,23159.0,,,,,,26205.0,,12720.0,36615.0,,20500,16500,15334,14500,,,,,,104767167,123179339,45532020,67129564,20324322,53707207,67715270,71526185,0.33,0.09,0.33,0.14,,,33326.0,51447.0,,33326.0,51447.0
428,Tulane University,,,,,,,,,,,,,,,,,,,,,,,,,,,,,,,,,,,,,,,,,,,,,,,,,,,,,,,,,,,,,,,,,
429,Rensselaer Polytechnic Institute,,,,,,22662.0,24361.0,26797.0,34046.0,43869.0,,,,,,,,,,,,23386.0,,,,25647.0,,41772.0,,,,,71998.0,,55378.0,55378.0,,24194,22250,21500,20500,,,,,,16721984,39569573,4467286,24972259,3320618,23303608,27794582,35454678,0.49,0.20,0.50,0.27,,,70951.0,89152.0,,70951.0,89152.0
434,Rush University,,,,,,,,,,,,,,,,,,,,,,,,,,,,,,,,,,,,,,24000,25750,PS,PS,,,,,,1214280,1710731,763863,3383557,781675,2961269,1207737,1391462,0.40-0.59,<=0.20,0.40-0.59,<=0.20,,,87548.0,86837.0,,87548.0,86837.0
436,Texas Tech University,12317.0,13326.0,17421.0,21305.0,22270.0,,,,,,,,,,,,,,,,12723.0,,,,15367.0,,21948.0,,,,,,24054.0,,9300.0,19260.0,,22000,18500,15999,15000,,,,,,163586015,186902451,60896149,106616831,31622584,70248351,136067840,140061515,0.29,0.07,0.30,0.10,,,44926.0,55135.0,,44926.0,55135.0
440,Saint Louis University,,,,,,20051.0,21082.0,23734.0,26969.0,33946.0,,,,,,,,,,,,20550.0,,,,22482.0,,32077.0,,,,,60092.0,,45424.0,45424.0,,25000,20531,20819,20500,,,,,,47229268,61382071,19265659,36528835,15394153,34548471,41141375,44665503,0.37,0.11,0.38,0.17,,,51522.0,64008.0,,51522.0,64008.0
454,University of Central Florida,6211.0,7847.0,11161.0,15192.0,16304.0,,,,,,,,,,,,,,,,6816.0,,,,9481.0,,15795.0,,,,,,21402.0,,6368.0,22467.0,,18635,14899,14920,15750,,,,,,322547923,342302759,94794190,131863259,26981849,92426156,145266609,145959277,0.21,0.07,0.32,0.09,,,39293.0,49979.0,,39293.0,49979.0
458,University of Mississippi,9455.0,11566.0,17415.0,19539.0,20417.0,,,,,,,,,,,,,,,,10078.0,,,,14045.0,,20088.0,,,,,,25223.0,,8828.0,25100.0,,20335,16096,15000,15000,,,,,,104646700,104982325,45428349,56913336,17583619,35125761,45128722,44781720,0.27,0.06,0.32,0.08,,,44413.0,49924.0,,44413.0,49924.0
468,University of Texas Medical Branch,,,,,,,,,,,,,,,,,,,,,,,,,,,,,,,,,,,,,,,,,,,,,,,,,,,,,,,,,,,,,,,,,
477,West Virginia University,9213.0,10486.0,13220.0,16189.0,16668.0,,,,,,,,,,,,,,,,9678.0,,,,11967.0,,16443.0,,,,,,22238.0,,8976.0,25320.0,,22786,13130,15240,16500,,,,,,167419041,182610274,66968289,101024367,31427356,76821089,117293412,118777372,0.27,0.07,0.32,0.08,,,41408.0,54180.0,,41408.0,54180.0
479,Georgia State University,11991.0,12661.0,15145.0,17290.0,17681.0,,,,,,,,,,,,,,,,12231.0,,,,13750.0,,17509.0,,,,,,23636.0,,9286.0,24517.0,,21500,12500,12000,11000,,,,,,343407049,312312543,137766585,135689665,72969065,94184568,162891747,158220185,0.17,0.04,0.18,0.05,,,35791.0,48806.0,,35791.0,48806.0
480,Southern Methodist University,,,,,,26718.0,27331.0,31813.0,34587.0,43206.0,,,,,,,,,,,,26945.0,,,,29885.0,,41595.0,,,,,74306.0,,56560.0,56560.0,,20006,17750,19500,15789,,,,,,19465249,27062633,9037110,18443230,7274007,20256194,11169684,12633328,0.35-0.36,0.13-0.14,0.41-0.42,0.19-0.20,,,62462.0,76708.0,,62462.0,76708.0
482,University of Nebraska Medical Center,,,,,,,,,,,,,,,,,,,,,,,,,,,,,,,,,,,,,,15000,15125,14885,13750,,,,,,6509669,10460816,3521871,9878289,2396880,8347850,7448214,8501073,0.57-0.58,0.09-0.10,0.51-0.52,0.13-0.14,,,67689.0,69210.0,,67689.0,69210.0
485,San Diego State University,8870.0,10594.0,14730.0,18766.0,22048.0,,,,,,,,,,,,,,,,9475.0,,,,12678.0,,20942.0,,,,,,23054.0,,7510.0,19390.0,,15000,12498,12500,14998,,,,,,112524704,136268869,69153564,106729246,49890056,121997028,96648463,102928475,0.35,0.09,0.37,0.13,,,39644.0,55813.0,,39644.0,55813.0
490,University of Alabama - Tuscaloosa,,,,,,,,,,,,,,,,,,,,,,,,,,,,,,,,,,,,,,,,,,,,,,,,,,,,,,,,,,,,,,,,,
494,Clemson University,13698.0,14413.0,18971.0,22937.0,23933.0,,,,,,,,,,,,,,,,14040.0,,,,17014.0,,23539.0,,,,,,31158.0,,15558.0,38550.0,,21500,19750,19500,19000,,,,,,68911255,95557042,22142085,51525465,4920928,38910229,77664858,84453390,0.34,0.12,0.38,0.16,,,48784.0,61914.0,,48784.0,61914.0
498,University of Wyoming,8231.0,9200.0,11491.0,14958.0,16135.0,,,,,,,,,,,,,,,,8601.0,,,,10578.0,,15663.0,,,,,,19960.0,,5581.0,18151.0,,18318,12500,12095,11000,,,,,,45580359,55130869,22911445,40309123,12977308,38274131,32597187,34025851,0.32,0.09,0.34,0.13,,,43173.0,52468.0,,43173.0,52468.0
499,Lehigh University,,,,,,14080.0,13363.0,19924.0,26906.0,45789.0,,,,,,,,,,,,13802.0,,,,17106.0,,40497.0,,,,,68383.0,,55240.0,55240.0,,23000,14495,19500,22791,,,,,,11989879,27338879,2794071,16241781,2734006,17153641,18203380,23084642,0.49,0.19,0.45,0.27,,,67872.0,88766.0,,67872.0,88766.0
507,Brigham Young University,,,,,,8834.0,10425.0,12466.0,15362.0,17782.0,,,,,,,,,,,,9386.0,,,,11729.0,,16731.0,,,,,18484.0,,5790.0,5790.0,,11500,7839,9000,8891,,,,,,47618637,73000610,21409745,54975883,18873557,62688335,27655685,32010858,0.37,0.19,0.38,0.26,,,47060.0,64207.0,,47060.0,64207.0
511,Boston College,,,,,,6353.0,8951.0,17113.0,22285.0,49115.0,,,,,,,,,,,,7950.0,,,,14432.0,,43433.0,,,,,73053.0,,57910.0,57910.0,,18000,15500,16500,17500,,,,,,20214704,41220868,7858964,30217546,6802876,34458566,23201462,30666300,0.54,0.19,0.48,0.26,,,60375.0,76701.0,,60375.0,76701.0
516,Utah State University,10643.0,12034.0,13297.0,16895.0,17223.0,,,,,,,,,,,,,,,,11185.0,,,,12778.0,,17055.0,,,,,,19223.0,,8402.0,23042.0,,14429,9500,9643,8750,,,,,,72510312,91141748,22678015,46914192,14736093,38827586,49829198,54123747,0.33,0.14,0.32,0.16,,,41246.0,50505.0,,41246.0,50505.0
525,Loyola University Chicago,,,,,,29440.0,29788.0,32259.0,36700.0,39048.0,,,,,,,,,,,,29567.0,,,,31270.0,,38418.0,,,,,59194.0,,45543.0,45543.0,,24194,20750,20500,19028,,,,,,69739884,92543016,28292545,57406978,14405184,35504174,61481783,67726047,0.34,0.11,0.36,0.15,,,47083.0,60771.0,,47083.0,60771.0
526,Oklahoma State University,,,,,,,,,,,,,,,,,,,,,,,,,,,,,,,,,,,,,,,,,,,,,,,,,,,,,,,,,,,,,,,,,
527,Colorado School of Mines,17276.0,17832.0,21449.0,30771.0,32024.0,,,,,,,,,,,,,,,,17584.0,,,,19899.0,,31609.0,,,,,,34932.0,,19062.0,39762.0,,23250,20500,20473,19500,,,,,,11720780,26285809,2524744,11729265,2404209,11258565,19788795,23516176,0.48,0.16,0.47,0.26,,,72973.0,87594.0,,72973.0,87594.0
531,Florida International University,5002.0,6683.0,10298.0,13821.0,15737.0,,,,,,,,,,,,,,,,5532.0,,,,8100.0,,14729.0,,,,,,19409.0,,6565.0,18963.0,,17418,15089,14500,15214,,,,,,246130912,239166923,82725287,97059997,12075724,34445420,155872741,154747562,0.23,0.05,0.23,0.07,,,38857.0,52215.0,,38857.0,52215.0
545,Auburn University,18394.0,20326.0,24079.0,26518.0,27492.0,,,,,,,,,,,,,,,,19100.0,,,,22436.0,,27194.0,,,,,,31590.0,,11492.0,31124.0,,21500,18524,18000,16750,,,,,,78564578,100280172,33295291,62146412,20780176,60953965,70202812,74669465,0.34,0.09,0.36,0.14,,,47372.0,58894.0,,47372.0,58894.0
549,"University of Maine, Orono",,,,,,,,,,,,,,,,,,,,,,,,,,,,,,,,,,,,,,,,,,,,,,,,,,,,,,,,,,,,,,,,,
554,Syracuse University,,,,,,17164.0,21360.0,24698.0,27922.0,46898.0,,,,,,,,,,,,18653.0,,,,23256.0,,42792.0,,,,,70390.0,,53849.0,53849.0,,26952,22250,25693,24813,,,,,,80994483,116614432,23135460,60686339,18621209,62470714,84243120,91395514,0.40,0.09,0.41,0.13,,,47113.0,65022.0,,47113.0,65022.0
557,University of Texas at Arlington,,,,,,,,,,,,,,,,,,,,,,,,,,,,,,,,,,,,,,,,,,,,,,,,,,,,,,,,,,,,,,,,,
562,University of Alaska Fairbanks,7133.0,7341.0,10729.0,14970.0,16353.0,,,,,,,,,,,,,,,,7198.0,,,,8928.0,,15782.0,,,,,,18558.0,,7080.0,21216.0,,19582,11015,11471,10178,,,,,,33518594,34605785,12732273,17010180,5253963,8672971,11423579,11477464,0.20-0.39,<=0.20,0.20-0.39,<=0.20,,,46661.0,50963.0,,46661.0,50963.0
566,University of Arkansas - Fayetteville,,,,,,,,,,,,,,,,,,,,,,,,,,,,,,,,,,,,,,,,,,,,,,,,,,,,,,,,,,,,,,,,,
567,Baylor University,,,,,,26726.0,29849.0,31343.0,35300.0,42722.0,,,,,,,,,,,,27980.0,,,,30720.0,,40691.0,,,,,62913.0,,47364.0,47364.0,,23550,20826,21000,19500,,,,,,68852791,89018753,26591199,53495141,15061702,43293839,62791807,69112000,0.32,0.13,0.34,0.16,,,46390.0,57576.0,,46390.0,57576.0
568,University of Oklahoma Health Sciences Center,,,,,,,,,,,,,,,,,,,,,,,,,,,,,,,,,,,,,,,,,,,,,,,,,,,,,,,,,,,,,,,,,
571,University of Wisconsin–Milwaukee,,,,,,,,,,,,,,,,,,,,,,,,,,,,,,,,,,,,,,,,,,,,,,,,,,,,,,,,,,,,,,,,,
577,Montana State University - Bozeman,,,,,,,,,,,,,,,,,,,,,,,,,,,,,,,,,,,,,,,,,,,,,,,,,,,,,,,,,,,,,,,,,
581,College of William & Mary,,,,,,,,,,,,,,,,,,,,,,,,,,,,,,,,,,,,,,,,,,,,,,,,,,,,,,,,,,,,,,,,,
590,SUNY Downstate Medical Center,,,,,,,,,,,,,,,,,,,,,,,,,,,,,,,,,,,,,,,,,,,,,,,,,,,,,,,,,,,,,,,,,
598,"University of Nevada, Reno",,,,,,,,,,,,,,,,,,,,,,,,,,,,,,,,,,,,,,,,,,,,,,,,,,,,,,,,,,,,,,,,,
601,University of Montana - Missoula,,,,,,,,,,,,,,,,,,,,,,,,,,,,,,,,,,,,,,,,,,,,,,,,,,,,,,,,,,,,,,,,,
603,University of Arkansas for Medical Sciences,,,,,,,,,,,,,,,,,,,,,,,,,,,,,,,,,,,,,,14000,16125,12500,12500,,,,,,9122769,11335493,5825937,10463337,1800906,5467613,5770193,6042961,0.35-0.39,<=0.05,0.35-0.39,0.10-0.14,,,59564.0,65368.0,,59564.0,65368.0
622,University of Tennessee Health Science Center,,,,,,,,,,,,,,,,,,,,,,,,,,,,,,,,,,,,,,,,,,,,,,,,,,,,,,,,,,,,,,,,,
637,Mississippi State University,13986.0,13799.0,18007.0,19558.0,19741.0,,,,,,,,,,,,,,,,13927.0,,,,15529.0,,19657.0,,,,,,24837.0,,8910.0,23950.0,,22500,16111,15000,15750,,,,,,118012697,119730951,47328596,60780621,20822963,43131407,81895272,82067611,0.24,0.06,0.27,0.09,,,38872.0,48440.0,,38872.0,48440.0
638,"University of Maryland, Baltimore County",,,,,,,,,,,,,,,,,,,,,,,,,,,,,,,,,,,,,,,,,,,,,,,,,,,,,,,,,,,,,,,,,
640,Augusta University,8352.0,9816.0,12274.0,13836.0,14606.0,,,,,,,,,,,,,,,,8873.0,,,,11029.0,,14196.0,,,,,,18844.0,,8832.0,24210.0,,21385,14360,12803,12500,,,,,,52717524,48967130,23839966,26018468,10069656,16663127,27308607,26827871,0.24,0.04,0.25,0.07,,,43735.0,50126.0,,43735.0,50126.0
648,University of Texas at San Antonio,,,,,,,,,,,,,,,,,,,,,,,,,,,,,,,,,,,,,,,,,,,,,,,,,,,,,,,,,,,,,,,,,
664,University of Idaho,10877.0,11735.0,13528.0,17509.0,18844.0,,,,,,,,,,,,,,,,11258.0,,,,12688.0,,18199.0,,,,,,21126.0,,8304.0,27540.0,,22425,17251,16029,15000,,,,,,71655815,78904275,33305977,48099682,19465183,47217564,38209121,39200047,0.31,0.09,0.32,0.11,,,36808.0,49248.0,,36808.0,49248.0
665,University of Louisiana at Lafayette,9621.0,10726.0,13353.0,15202.0,16080.0,,,,,,,,,,,,,,,,9992.0,,,,11951.0,,15717.0,,,,,,22107.0,,10382.0,24110.0,,22000,14250,14250,14500,,,,,,71621849,72052188,35475724,46990486,32270021,52770932,60188988,59670583,0.26,0.05,0.26,0.07,,,40697.0,47300.0,,40697.0,47300.0
668,Rutgers University–Newark,,,,,,,,,,,,,,,,,,,,,,,,,,,,,,,,,,,,,,,,,,,,,,,,,,,,,,,,,,,,,,,,,
676,University of Akron,,,,,,,,,,,,,,,,,,,,,,,,,,,,,,,,,,,,,,,,,,,,,,,,,,,,,,,,,,,,,,,,,
680,University of Rhode Island,14309.0,15509.0,19326.0,23709.0,27235.0,,,,,,,,,,,,,,,,14694.0,,,,17569.0,,26016.0,,,,,,29865.0,,14566.0,31686.0,,22214,16000,17813,18500,,,,,,79766421,102014558,27409355,52457254,12795997,46623713,76986797,83237003,0.41,0.09,0.42,0.13,,,45694.0,57354.0,,45694.0,57354.0
681,"University of North Texas, Denton",,,,,,,,,,,,,,,,,,,,,,,,,,,,,,,,,,,,,,,,,,,,,,,,,,,,,,,,,,,,,,,,,
686,Kent State University,,,,,,,,,,,,,,,,,,,,,,,,,,,,,,,,,,,,,,,,,,,,,,,,,,,,,,,,,,,,,,,,,
705,City College of New York,,,,,,,,,,,,,,,,,,,,,,,,,,,,,,,,,,,,,,,,,,,,,,,,,,,,,,,,,,,,,,,,,
726,Northern Illinois University,15281.0,15861.0,18346.0,21425.0,23363.0,,,,,,,,,,,,,,,,15475.0,,,,17071.0,,22554.0,,,,,,28722.0,,14610.0,14610.0,,22500,18996,17742,16000,,,,,,160053184,175530034,61029059,103013067,20555436,54733271,103204300,106121255,0.31,0.08,0.32,0.11,,,43293.0,54063.0,,43293.0,54063.0
728,University of Missouri–Kansas City,,,,,,,,,,,,,,,,,,,,,,,,,,,,,,,,,,,,,,,,,,,,,,,,,,,,,,,,,,,,,,,,,
742,Southern Illinois University Carbondale,,,,,,,,,,,,,,,,,,,,,,,,,,,,,,,,,,,,,,,,,,,,,,,,,,,,,,,,,,,,,,,,,
745,"University of Nevada, Las Vegas",,,,,,,,,,,,,,,,,,,,,,,,,,,,,,,,,,,,,,,,,,,,,,,,,,,,,,,,,,,,,,,,,
749,Illinois Institute of Technology,,,,,,17222.0,18720.0,22542.0,24888.0,28677.0,,,,,,,,,,,,17841.0,,,,20481.0,,27170.0,,,,,63212.0,,49280.0,49280.0,,24250,21229,19000,18750,,,,,,12421259,19223390,3702423,10374406,3663173,9211000,11497951,13354427,0.39-0.40,0.17-0.18,0.45-0.46,0.19-0.20,,,63728.0,75646.0,,63728.0,75646.0
750,Miami University,,,,,,,,,,,,,,,,,,,,,,,,,,,,,,,,,,,,,,,,,,,,,,,,,,,,,,,,,,,,,,,,,
756,Old Dominion University,12017.0,13747.0,16958.0,20208.0,22293.0,,,,,,,,,,,,,,,,12633.0,,,,15309.0,,21409.0,,,,,,24935.0,,10680.0,30840.0,,24697,17658,17400,15250,,,,,,167767529,170552324,69367391,83944063,42458444,77207165,100112454,100207222,0.25,0.05,0.27,0.07,,,42626.0,51100.0,,42626.0,51100.0
758,University of Texas Rio Grande Valley,,,,,,,,,,,,,,,,,,,,,,,,,,,,,,,,,,,,,,,,,,,,,,,,,,,,,,,,,,,,,,,,,
764,University of Toledo,14516.0,15153.0,17332.0,19504.0,20830.0,,,,,,,,,,,,,,,,14749.0,,,,16285.0,,20217.0,,,,,,24920.0,,10650.0,20010.0,,21852,14250,13500,14000,,,,,,146833006,152018141,73658746,90224613,60444902,92389193,69176323,70793201,0.27,0.09,0.28,0.11,,,46234.0,53605.0,,46234.0,53605.0
769,New Mexico State University,,,,,,,,,,,,,,,,,,,,,,,,,,,,,,,,,,,,,,,,,,,,,,,,,,,,,,,,,,,,,,,,,
772,University of North Carolina at Charlotte,11991.0,12223.0,16299.0,19973.0,21473.0,,,,,,,,,,,,,,,,12092.0,,,,14393.0,,20832.0,,,,,,22323.0,,6905.0,20339.0,,21668,17846,16500,16000,,,,,,156060049,169556694,57874560,84073544,31718353,58076651,127053287,130193834,0.27,0.07,0.30,0.09,,,42089.0,52327.0,,42089.0,52327.0
802,Ohio University,,,,,,,,,,,,,,,,,,,,,,,,,,,,,,,,,,,,,,,,,,,,,,,,,,,,,,,,,,,,,,,,,
814,Portland State University,11198.0,11440.0,13599.0,17077.0,19996.0,,,,,,,,,,,,,,,,11291.0,,,,12447.0,,18460.0,,,,,,20613.0,,9579.0,28410.0,,21000,18166,14197,14000,,,,,,228798796,227300884,94173768,114464139,23236497,53008431,104208353,104748867,0.25,0.06,0.26,0.08,,,37970.0,50330.0,,37970.0,50330.0
828,Uniformed Services University of the Health Sciences,,,,,,,,,,,,,,,,,,,,,,,,,,,,,,,,,,,,,,,,,,,,,,,,,,,,,,,,,,,,,,,,,
829,University of Denver,,,,,,19659.0,20735.0,27530.0,31512.0,41414.0,,,,,,,,,,,,20126.0,,,,24381.0,,38857.0,,,,,66983.0,,52515.0,52515.0,,20948,15401,18115,18250,,,,,,25623824,33017510,10069802,19245745,5766076,17658839,17847397,20296460,0.39,0.13,0.42,0.15,,,46454.0,63433.0,,46454.0,63433.0
834,East Carolina University,11026.0,12195.0,15784.0,19933.0,21104.0,,,,,,,,,,,,,,,,11484.0,,,,13994.0,,20591.0,,,,,,21598.0,,7238.0,23515.0,,23311,19000,18500,16750,,,,,,144524363,158659144,63797067,92610361,20122984,50896019,127666507,129101410,0.25,0.06,0.28,0.08,,,39667.0,49488.0,,39667.0,49488.0
842,Binghamton University,12686.0,15226.0,20062.0,20907.0,25490.0,,,,,,,,,,,,,,,,13550.0,,,,17644.0,,24011.0,,,,,,26712.0,,10201.0,27791.0,,18750,16250,15000,15000,,,,,,51485544,74894286,24535317,46983658,10308775,39269893,56110945,63913773,0.37,0.15,0.37,0.21,,,44075.0,68682.0,,44075.0,68682.0
854,Michigan Technological University,8295.0,9049.0,13720.0,17908.0,23334.0,,,,,,,,,,,,,,,,8580.0,,,,12154.0,,20868.0,,,,,,29126.0,,15960.0,35196.0,,25500,20000,20000,20500,,,,,,25716843,42169648,8776049,25825317,3138029,18313816,26787467,31339875,0.43,0.15,0.46,0.20,,,66615.0,77290.0,,66615.0,77290.0
859,New Jersey Institute of Technology,12853.0,15169.0,19960.0,25132.0,26965.0,,,,,,,,,,,,,,,,13721.0,,,,17525.0,,26348.0,,,,,,31388.0,,17674.0,33386.0,,21500,18291,16500,17000,,,,,,29756565,42123583,9749836,19922135,2405525,10361411,32863945,36536403,0.41,0.13,0.41,0.18,,,64152.0,77947.0,,64152.0,77947.0
861,Creighton University,,,,,,24458.0,28108.0,28383.0,30636.0,33821.0,,,,,,,,,,,,25926.0,,,,28292.0,,33070.0,,,,,54561.0,,41400.0,41400.0,,24369,23000,22208,19500,,,,,,21562253,31571219,8159629,19780091,5070438,15823524,23132504,25608687,0.32,0.12,0.33,0.18,,,55037.0,66430.0,,55037.0,66430.0
870,Wesleyan University,,,,,,3967.0,7740.0,12629.0,19821.0,46243.0,,,,,,,,,,,,6222.0,,,,9968.0,,39298.0,,,,,72639.0,,57334.0,57334.0,,15500,9311,13500,15500,,,,,,5264976,9735108,3101817,10203273,2427465,10751144,6281333,8026113,0.51-0.52,0.21-0.22,0.47-0.48,0.25-0.26,,,39556.0,58985.0,,39556.0,58985.0
878,"University of California, Merced",,,,,,,,,,,,,,,,,,,,,,,,,,,,,,,,,,,,,,,,,,,,,,,,,,,,,,,,,,,,,,,,,
884,Northern Arizona University,9251.0,9799.0,12675.0,16535.0,18652.0,,,,,,,,,,,,,,,,9474.0,,,,11209.0,,17657.0,,,,,,27129.0,,11896.0,26516.0,,19375,12500,12500,13000,,,,,,168868721,183200958,64729056,79614069,34922594,69124663,114320423,118725602,0.31,0.08,0.32,0.10,,,41673.0,49995.0,,41673.0,49995.0
911,Florida Institute of Technology,,,,,,26604.0,27860.0,30323.0,32188.0,35539.0,,,,,,,,,,,,27090.0,,,,29189.0,,34416.0,,,,,58726.0,,42470.0,42470.0,,27000,12125,16625,17907,,,,,,62334963,61985599,9075233,16007343,3394608,9354602,23719225,24360230,0.20-0.29,<=0.10,0.25-0.29,0.10-0.14,,,62925.0,70680.0,,62925.0,70680.0
921,North Dakota State University,,,,,,,,,,,,,,,,,,,,,,,,,,,,,,,,,,,,,,,,,,,,,,,,,,,,,,,,,,,,,,,,,
933,University of Alabama in Huntsville,13010.0,13580.0,16306.0,17552.0,19231.0,,,,,,,,,,,,,,,,13212.0,,,,15045.0,,18462.0,,,,,,23917.0,,11122.0,23518.0,,21450,14126,14639,13500,,,,,,43668318,45880518,19384074,25484599,9188066,15892026,21714780,22790951,0.29,0.10,0.30,0.11,,,57386.0,67695.0,,57386.0,67695.0
934,Rochester Institute of Technology,,,,,,27095.0,27289.0,28684.0,32287.0,40396.0,,,,,,,,,,,,27170.0,,,,28079.0,,37715.0,,,,,56977.0,,45890.0,45890.0,,27000,22766,23250,20893,,,,,,76527887,121154081,27978238,69528391,15394575,59281051,64781574,76366424,0.45,0.14,0.47,0.19,,,60248.0,69774.0,,60248.0,69774.0
938,University of Massachusetts Boston,,,,,,,,,,,,,,,,,,,,,,,,,,,,,,,,,,,,,,,,,,,,,,,,,,,,,,,,,,,,,,,,,
942,San Francisco State University,11123.0,12517.0,16661.0,21027.0,23892.0,,,,,,,,,,,,,,,,11618.0,,,,14508.0,,22739.0,,,,,,24839.0,,7266.0,19146.0,,15369,12500,12500,12934,,,,,,127685375,152170225,70254689,97522271,42027757,91451925,82083953,87240370,0.37,0.10,0.40,0.13,,,40693.0,58291.0,,40693.0,58291.0
946,Howard University,,,,,,37757.0,39858.0,42870.0,44482.0,44624.0,,,,,,,,,,,,38437.0,,,,41460.0,,44567.0,,,,,44651.0,,27206.0,27206.0,,25000,19316,19594,18530,,,,,,82571650,72375181,54434862,48515058,41282890,45732559,41015692,38708452,0.14,0.02,0.15,0.03,,,38139.0,55757.0,,38139.0,55757.0
961,University of Memphis,10256.0,12264.0,15287.0,18061.0,18020.0,,,,,,,,,,,,,,,,10906.0,,,,13572.0,,18040.0,,,,,,23176.0,,9912.0,13752.0,,24250,17500,16209,14908,,,,,,205922523,182229913,105155181,96359001,43195642,56300348,98265276,94803560,0.19,0.04,0.19,0.06,,,39112.0,46400.0,,39112.0,46400.0
962,Hunter College,,,,,,,,,,,,,,,,,,,,,,,,,,,,,,,,,,,,,,,,,,,,,,,,,,,,,,,,,,,,,,,,,
972,Amherst College,,,,,,6079.0,4423.0,8219.0,24193.0,45700.0,,,,,,,,,,,,5301.0,,,,6084.0,,38458.0,,,,,73966.0,,58640.0,58640.0,,13800,6250,10945,15008,,,,,,2004591,3533679,579081,2279147,604873,3760328,2154577,2811923,0.45-0.49,0.20-0.24,0.40-0.49,0.30-0.39,,,43914.0,70140.0,,43914.0,70140.0
975,New York Medical College,,,,,,,,,,,,,,,,,,,,,,,,,,,,,,,,,,,,,,PS,PS,PS,PS,,,,,,PS,PS,PS,PS,PS,PS,PS,PS,PS,PS,PS,PS,,,63429.0,87167.0,,63429.0,87167.0
976,Missouri University of Science and Technology,10755.0,10660.0,13058.0,16060.0,17371.0,,,,,,,,,,,,,,,,10718.0,,,,12058.0,,16854.0,,,,,,22211.0,,9936.0,27484.0,,23750,18500,19738,17750,,,,,,23411948,41191923,7376318,21643169,4505853,18400798,27676553,31995678,0.37,0.16,0.40,0.22,,,70668.0,80790.0,,70668.0,80790.0
979,Eastern Virginia Medical School,,,,,,,,,,,,,,,,,,,,,,,,,,,,,,,,,,,,,,PS,PS,PS,PS,,,,,,PS,PS,PS,PS,69060,190809,PS,PS,PS,PS,PS,PS,,,59769.0,95704.0,,59769.0,95704.0
980,University of North Carolina at Greensboro,8853.0,10808.0,14166.0,19076.0,19841.0,,,,,,,,,,,,,,,,9549.0,,,,12290.0,,19454.0,,,,,,20401.0,,7403.0,22562.0,,23000,16250,17117,15250,,,,,,123095263,121825697,55819185,68819179,14236448,31444117,87394559,86808380,0.23,0.05,0.26,0.06,,,34664.0,42944.0,,34664.0,42944.0
992,University of Massachusetts Lowell,,,,,,,,,,,,,,,,,,,,,,,,,,,,,,,,,,,,,,,,,,,,,,,,,,,,,,,,,,,,,,,,,
993,Loma Linda University,,,,,,,,,,,,,,,,,,,,,,,,,,,,,,,,,,,,,,20082,21000,20000,15000,,,,,,11074982,17153422,4861708,12062927,3941332,13964642,12321620,13585639,0.41-0.42,0.09-0.10,0.45-0.46,0.11-0.12,,,80550.0,87464.0,,80550.0,87464.0
